{"cameraMode":{"drawMode":2,"name":"Shaded Wireframe","section":"Shading Mode"},"sceneLighting":true,"audioPlay":false,"sceneViewState":{"showFog":true,"showMaterialUpdate":false,"showSkybox":true,"showFlares":true,"showImageEffects":true,"showParticleSystems":true},"in2DMode":false,"pivot":{"x":11.020523071289063,"y":-13.704490661621094,"z":-0.20291519165039063},"rotation":{"x":-0.2848036289215088,"y":-0.22393381595611573,"z":0.06861022859811783,"w":-0.9295421242713928},"size":19.672435760498048,"orthographic":false}