{"cameraMode":{"drawMode":2,"name":"Shaded Wireframe","section":"Shading Mode"},"sceneLighting":true,"audioPlay":false,"sceneViewState":{"showFog":true,"showMaterialUpdate":false,"showSkybox":true,"showFlares":true,"showImageEffects":true,"showParticleSystems":true},"in2DMode":false,"pivot":{"x":-1.2971668243408204,"y":1.56494140625,"z":-20.747949600219728},"rotation":{"x":0.2754599452018738,"y":0.2679590582847595,"z":-0.08025554567575455,"w":0.9197244644165039},"size":8.009127616882325,"orthographic":false}